postgres=# CREATE DATABASE uber;
CREATE DATABASE

postgres=# \c uber

uber=# create table client(

id INT PRIMARY KEY NOT NULL, name VARCHAR(255) NOT NULL, number VARCHAR(255)

);

CREATE TABLE

uber=# INSERT INTO client VALUES(1,'Mikel','8998745475');
INSERT INTO client VALUES(2,'Amier','8998944475');
INSERT INTO client VALUES(3,'Ahmed','8965412575');
INSERT INTO client VALUES(4,'Alex','89876522575');
INSERT INTO client VALUES(5,'Rony','89876698415');
INSERT INTO client VALUES(6,'Nader','8989632864');
INSERT INTO client VALUES(7,'Naser','89896542864');
INSERT INTO client VALUES(7,'Naser','8989213654');
INSERT INTO client VALUES(8,'Ldain','89896513654');
INSERT INTO client VALUES(9,'Sana','89896322544');
INSERT INTO client VALUES(10,'Aimen','89965856422');

CREATE TABLE cars(

	id INT PRIMARY KEY NOT NULL, model VARCHAR(300), car_plate_number VARCHAR(300), car_color VARCHAR(300)

	);
CREATE TABLE

INSERT INTO cars VALUES(1,'KIA','NL99999','Red');
INSERT 0 1
INSERT INTO cars VALUES(2,'Toyota','N88888','Bule');
INSERT 0 1
INSERT INTO cars VALUES(3,'Coupe','N7777','black');
INSERT 0 1
INSERT INTO cars VALUES(4,'Sonata','N6666','green');
INSERT 0 1
INSERT INTO cars VALUES(5,'Bmw','N55555','orange');
INSERT 0 1
INSERT INTO cars VALUES(6,'Hyundai','NL4444','pink');
INSERT 0 1
INSERT INTO cars VALUES(7,'Bens','NL3333','gray');
INSERT 0 1
INSERT INTO cars VALUES(8,'Feraire','NL2222','brown');
INSERT 0 1
INSERT INTO cars VALUES(9,'Camry','NL1111','purple');
INSERT 0 1
INSERT INTO cars VALUES(10,'Avalon','NL3232','yellow');
INSERT 0 1

create table driver(

	id INT PRIMARY KEY NOT NULL, name VARCHAR(300), phone_number VARCHAR(300), car_id INT references cars (id)

	);
CREATE TABLE

INSERT INTO driver VALUES(1,'Ali','965845254', 2);
INSERT 0 1
INSERT INTO driver VALUES(2,'Hitman','965854214', 4);
INSERT 0 1
INSERT INTO driver VALUES(3,'Anawr','897456321', 6);
INSERT 0 1
INSERT INTO driver VALUES(4,'Hezam','965874121', 8);
INSERT 0 1
INSERT INTO driver VALUES(5,'Dines','965854712', 9);
INSERT 0 1
INSERT INTO driver VALUES(6,'Sasa','895623147', 5);
INSERT 0 1
INSERT INTO driver VALUES(7,'Abdo','894521621', 3);
INSERT 0 1
INSERT INTO driver VALUES(8,'Anas','894535741', 1);
INSERT 0 1
INSERT INTO driver VALUES(9,'Amier','894965812', 7);
INSERT 0 1
INSERT INTO driver VALUES(10,'Naji','894852147', 10);

create table trips(

	trip_num INT primary key not null, client_id INT references client (id), driver INT references driver (id),time_to_leave TimeStamp
	);
CREATE TABLE

INSERT INTO trips VALUES(1,2,3,'2021-04-04 10:40:22');
INSERT INTO trips VALUES(2,3,4,'2021-05-05 06:20:06');
INSERT 0 1
INSERT INTO trips VALUES(3,1,7,'2021-11-08 07:10:07');
INSERT 0 1
INSERT INTO trips VALUES(4,4,1,'2021-12-21 08:23:20');
INSERT 0 1
INSERT INTO trips VALUES(5,5,2,'2021-10-23 01:12:12');
INSERT 0 1
INSERT INTO trips VALUES(6,7,8,'2021-06-10 02:04:30');
INSERT 0 1
INSERT INTO trips VALUES(7,6,9,'2021-07-14 03:06:02');
INSERT 0 1
INSERT INTO trips VALUES(8,9,5,'2021-08-25 12:15:31');
INSERT 0 1
INSERT INTO trips VALUES(9,10,6,'2021-06-30 09:40:52');
INSERT 0 1
INSERT INTO trips VALUES(10,8,10,'2021-11-24 12:25:13');
INSERT 0 1